order_id,order_date,region,status,revenue,cost
10001,2026-04-01,EU,shipped,276.53,203.01
10002,2026-04-01,US,shipped,807.27,529.15
10003,2026-04-01,EU,shipped,228.03,126.93
10004,2026-04-01,EU,shipped,598.9,362.4
10005,2026-04-02,EU,shipped,787.6,464.62
10006,2026-04-02,US,shipped,278.97,206.68
10007,2026-04-02,EU,shipped,366.74,233.24
10008,2026-04-02,EU,shipped,77.37,44.97
10009,2026-04-02,APAC,shipped,107.77,76.21
10010,2026-04-02,APAC,shipped,351.01,199.16
10011,2026-04-02,US,shipped,704.84,538.38
10012,2026-04-02,APAC,shipped,366.91,278.31
10013,2026-04-03,EU,shipped,220.18,172.66
10014,2026-04-03,US,shipped,563.85,412.9
10015,2026-04-03,EU,shipped,366.33,260.09
10016,2026-04-03,US,shipped,628.77,467.8
10017,2026-04-03,EU,shipped,67.61,41.71
10018,2026-04-04,APAC,shipped,527.77,318.33
10019,2026-04-04,US,shipped,800.83,469.06
10020,2026-04-04,EU,shipped,680.69,501.5
10021,2026-04-04,US,shipped,541.84,433.11
10022,2026-04-04,EU,shipped,464.42,355.41
10023,2026-04-05,US,shipped,721.19,408.11
10024,2026-04-05,EU,shipped,896.66,710.84
10025,2026-04-05,APAC,shipped,49.87,35.93
10026,2026-04-05,US,shipped,269.47,155.72
10027,2026-04-05,US,shipped,430.2,330.81
10028,2026-04-06,MEA,shipped,695.29,400.91
10029,2026-04-06,US,shipped,763.84,458.1
10030,2026-04-06,EU,shipped,178.93,139.67
10031,2026-04-06,APAC,shipped,555.09,320.82
10032,2026-04-06,EU,shipped,887.38,541.18
10033,2026-04-06,EU,shipped,527.93,386.96
10034,2026-04-07,MEA,shipped,498.13,356.13
10035,2026-04-07,MEA,shipped,182.01,127.71
10036,2026-04-07,MEA,shipped,838.87,606.06
10037,2026-04-07,US,shipped,383.13,246.49
10038,2026-04-08,US,shipped,253.2,140.59
10039,2026-04-08,US,cancelled,546.06,396.96
10040,2026-04-08,EU,cancelled,97.96,61.97
10041,2026-04-08,US,shipped,279.49,191.4
10042,2026-04-08,US,shipped,798.85,487.9
10043,2026-04-08,US,shipped,390.07,278.8
10044,2026-04-08,EU,shipped,393.55,221.78
10045,2026-04-08,US,shipped,595.71,436.09
10046,2026-04-09,EU,shipped,203.58,133.44
10047,2026-04-09,EU,shipped,254.83,168.39
10048,2026-04-09,APAC,shipped,513.28,410.53
10049,2026-04-09,APAC,shipped,873.34,665.64
10050,2026-04-10,EU,shipped,453.97,352.1
10051,2026-04-10,EU,shipped,41.85,32.71
10052,2026-04-10,APAC,shipped,285.31,209.03
10053,2026-04-10,APAC,shipped,609.21,363.99
10054,2026-04-10,EU,shipped,90.3,51.04
10055,2026-04-11,EU,shipped,542.39,413.94
10056,2026-04-11,EU,shipped,866.27,516.69
10057,2026-04-11,US,shipped,620.68,359.98
10058,2026-04-11,APAC,shipped,251.75,177.44
10059,2026-04-11,EU,shipped,541.96,424.72
10060,2026-04-11,EU,shipped,655.92,425.66
10061,2026-04-12,US,shipped,838.96,463.38
10062,2026-04-12,US,shipped,524.17,358.75
10063,2026-04-12,US,shipped,153.91,87.3
10064,2026-04-12,EU,shipped,285.09,195.52
10065,2026-04-12,EU,shipped,886.11,604.54
10066,2026-04-12,US,shipped,516.96,297.72
10067,2026-04-13,EU,shipped,805.15,474.12
10068,2026-04-13,EU,shipped,221.14,159.64
10069,2026-04-13,APAC,shipped,474.65,368.82
10070,2026-04-13,EU,shipped,585.48,328.47
10071,2026-04-13,EU,shipped,152.5,90.04
10072,2026-04-14,US,cancelled,407.81,231.97
10073,2026-04-14,APAC,shipped,817.38,620.1
10074,2026-04-14,US,shipped,167.36,104.95
10075,2026-04-14,APAC,shipped,724.67,561.42
10076,2026-04-14,EU,shipped,254.6,189.68
10077,2026-04-14,APAC,shipped,389.48,229.26
10078,2026-04-14,APAC,shipped,783.56,589.78
10079,2026-04-15,EU,shipped,673.45,527.11
10080,2026-04-15,APAC,shipped,783.1,482.94
10081,2026-04-15,APAC,shipped,132.96,101.67
10082,2026-04-15,EU,shipped,742.26,464.88
10083,2026-04-15,APAC,cancelled,235.73,141.03
10084,2026-04-15,EU,shipped,783.34,485.5
10085,2026-04-15,US,shipped,383.72,262.49
10086,2026-04-16,EU,shipped,874.54,691.44
10087,2026-04-16,EU,shipped,133.23,97.54
10088,2026-04-16,EU,shipped,561.34,362.79
10089,2026-04-16,US,shipped,259.06,142.59
10090,2026-04-17,US,shipped,848.63,508.55
10091,2026-04-17,US,shipped,856.03,604.18
10092,2026-04-17,US,shipped,147.18,99.61
10093,2026-04-17,US,shipped,320.52,220.71
10094,2026-04-17,EU,shipped,611.84,450.95
10095,2026-04-17,EU,shipped,529.43,401.54
10096,2026-04-17,EU,shipped,220.76,154.9
10097,2026-04-17,EU,shipped,419.94,284.63
10098,2026-04-18,US,shipped,284.06,200.21
10099,2026-04-18,EU,shipped,858.72,538.94
10100,2026-04-18,APAC,cancelled,166.72,132.71
10101,2026-04-18,US,shipped,700.9,540.77
10102,2026-04-18,US,shipped,657.78,427.5
10103,2026-04-19,US,shipped,44.77,33.24
10104,2026-04-19,EU,shipped,405.63,320.24
10105,2026-04-19,US,shipped,83.19,63.4
10106,2026-04-19,US,shipped,729.22,581.17
10107,2026-04-19,US,shipped,857.03,602.63
10108,2026-04-20,US,shipped,819.9,483.57
10109,2026-04-20,APAC,shipped,427.06,324.55
10110,2026-04-20,EU,shipped,708.8,432.23
10111,2026-04-20,US,shipped,653.65,414.39
10112,2026-04-20,APAC,shipped,109.3,70.58
10113,2026-04-20,EU,shipped,224.0,141.73
10114,2026-04-20,US,shipped,93.55,60.56
10115,2026-04-20,APAC,cancelled,853.61,657.42
10116,2026-04-21,EU,shipped,45.07,33.28
10117,2026-04-21,APAC,shipped,859.95,633.68
10118,2026-04-21,US,shipped,558.8,337.99
10119,2026-04-21,US,shipped,64.96,46.76
10120,2026-04-21,EU,shipped,181.94,105.87
10121,2026-04-21,US,shipped,63.19,43.67
10122,2026-04-21,EU,shipped,592.76,394.44
10123,2026-04-21,EU,shipped,366.03,231.23
10124,2026-04-22,EU,shipped,858.04,651.02
10125,2026-04-22,US,shipped,684.16,539.1
10126,2026-04-22,EU,shipped,99.01,55.45
10127,2026-04-22,EU,shipped,252.66,178.21
10128,2026-04-22,EU,shipped,447.26,351.97
10129,2026-04-22,US,shipped,260.37,182.64
10130,2026-04-22,MEA,shipped,657.79,388.72
10131,2026-04-23,EU,shipped,62.08,44.66
10132,2026-04-23,MEA,shipped,381.12,216.86
10133,2026-04-23,US,shipped,579.43,430.59
10134,2026-04-23,APAC,shipped,556.35,442.83
10135,2026-04-23,APAC,shipped,338.6,217.6
10136,2026-04-23,US,shipped,333.46,251.96
10137,2026-04-24,US,shipped,351.48,233.71
10138,2026-04-24,EU,shipped,191.48,136.45
10139,2026-04-24,US,shipped,830.87,553.54
10140,2026-04-24,APAC,shipped,549.53,335.97
10141,2026-04-25,EU,shipped,427.69,296.16
10142,2026-04-25,US,shipped,329.3,207.87
10143,2026-04-25,US,shipped,345.15,213.96
10144,2026-04-25,US,shipped,796.89,541.21
10145,2026-04-26,EU,shipped,659.26,487.55
10146,2026-04-26,US,shipped,595.48,445.56
10147,2026-04-26,EU,shipped,230.57,144.46
10148,2026-04-26,US,shipped,447.0,293.4
10149,2026-04-26,US,shipped,324.48,200.44
10150,2026-04-27,EU,shipped,660.3,485.8
10151,2026-04-27,MEA,shipped,633.54,465.43
10152,2026-04-27,EU,shipped,547.04,382.49
10153,2026-04-27,MEA,shipped,756.06,484.04
10154,2026-04-27,EU,shipped,648.9,364.28
10155,2026-04-27,EU,shipped,291.24,206.63
10156,2026-04-28,EU,shipped,50.55,33.85
10157,2026-04-28,EU,shipped,870.33,666.18
10158,2026-04-28,EU,shipped,96.2,66.79
10159,2026-04-28,US,shipped,170.49,134.22
10160,2026-04-28,EU,shipped,253.44,165.76
10161,2026-04-28,US,shipped,571.84,368.89
10162,2026-04-28,APAC,shipped,295.72,194.35
10163,2026-04-29,US,shipped,564.28,444.03
10164,2026-04-29,EU,shipped,221.48,130.51
10165,2026-04-29,EU,cancelled,104.56,69.28
10166,2026-04-29,US,shipped,290.48,211.1
10167,2026-04-29,US,shipped,430.47,336.19
10168,2026-04-29,APAC,shipped,577.55,452.46
10169,2026-04-29,US,shipped,508.32,395.02
10170,2026-04-29,APAC,shipped,101.41,63.57
10171,2026-04-30,APAC,shipped,417.67,261.47
10172,2026-04-30,EU,shipped,274.13,180.77
10173,2026-04-30,US,shipped,804.9,564.18
10174,2026-04-30,EU,shipped,236.87,181.24
10175,2026-04-30,US,shipped,57.84,43.69
10176,2026-04-30,US,shipped,696.27,473.28
10177,2026-04-30,US,shipped,279.21,183.99
10178,2026-04-30,APAC,shipped,873.39,569.53
10179,2026-05-01,US,shipped,777.65,562.57
10180,2026-05-01,EU,shipped,852.87,586.37
10181,2026-05-01,US,shipped,310.48,246.07
10182,2026-05-01,EU,shipped,482.55,344.74
10183,2026-05-01,US,shipped,395.39,253.23
10184,2026-05-01,APAC,shipped,577.85,347.22
10185,2026-05-02,EU,shipped,287.71,193.1
10186,2026-05-02,EU,shipped,581.82,423.24
10187,2026-05-02,EU,shipped,51.76,31.38
10188,2026-05-02,APAC,shipped,137.58,97.95
10189,2026-05-02,EU,shipped,842.08,611.65
10190,2026-05-02,EU,shipped,454.95,302.18
10191,2026-05-02,EU,shipped,203.92,150.2
10192,2026-05-02,EU,shipped,100.04,76.39
10193,2026-05-03,MEA,shipped,476.65,295.86
10194,2026-05-03,EU,shipped,544.77,366.31
10195,2026-05-03,EU,shipped,503.18,346.18
10196,2026-05-03,US,shipped,431.6,257.74
10197,2026-05-03,US,shipped,531.75,395.56
10198,2026-05-03,EU,shipped,680.45,512.28
10199,2026-05-04,MEA,shipped,721.46,424.24
10200,2026-05-04,MEA,shipped,148.57,94.04
10201,2026-05-04,EU,shipped,-45.0,0.0
10202,2026-05-04,EU,shipped,163.97,129.94
10203,2026-05-04,EU,shipped,712.11,502.62
10204,2026-05-04,EU,shipped,109.07,78.38
10205,2026-05-04,US,shipped,860.56,664.23
10206,2026-05-05,APAC,shipped,70.87,50.16
10207,2026-05-05,APAC,shipped,897.79,591.19
10208,2026-05-05,EU,shipped,585.02,386.65
10209,2026-05-05,US,cancelled,816.94,611.92
10210,2026-05-05,EU,shipped,362.36,247.42
10211,2026-05-05,US,shipped,721.57,411.11
10212,2026-05-05,APAC,shipped,572.95,445.87
10213,2026-05-06,EU,shipped,588.6,421.86
10214,2026-05-06,APAC,shipped,440.12,302.21
10215,2026-05-06,EU,shipped,852.9,532.88
10216,2026-05-06,MEA,shipped,633.67,396.38
10217,2026-05-06,MEA,shipped,773.87,499.41
10218,2026-05-07,US,shipped,893.72,710.05
10219,2026-05-07,US,shipped,276.05,199.16
10220,2026-05-07,US,shipped,82.18,55.4
10221,2026-05-07,APAC,shipped,286.13,200.8
10222,2026-05-07,EU,shipped,587.49,422.66
10223,2026-05-07,US,shipped,606.9,429.12
10224,2026-05-08,EU,shipped,419.11,307.25
10225,2026-05-08,EU,shipped,293.79,174.48
10226,2026-05-08,EU,shipped,503.89,344.01
10227,2026-05-08,APAC,shipped,754.21,570.31
10228,2026-05-09,MEA,shipped,293.82,220.68
10229,2026-05-09,US,shipped,104.76,63.53
10230,2026-05-09,US,shipped,619.99,472.08
10231,2026-05-09,US,shipped,117.66,72.49
10232,2026-05-09,EU,shipped,356.98,219.74
10233,2026-05-09,EU,shipped,589.15,423.43
10234,2026-05-09,US,shipped,572.81,362.02
10235,2026-05-10,EU,shipped,94.37,73.36
10236,2026-05-10,EU,shipped,391.13,307.65
10237,2026-05-10,EU,shipped,463.66,357.86
10238,2026-05-10,EU,shipped,430.13,316.48
10239,2026-05-10,MEA,shipped,400.45,235.72
10240,2026-05-10,EU,shipped,125.16,81.61
10241,2026-05-10,MEA,shipped,68.14,45.03
10242,2026-05-10,MEA,shipped,775.69,559.6
10243,2026-05-11,APAC,shipped,594.55,368.01
10244,2026-05-11,MEA,shipped,856.15,490.5
10245,2026-05-11,EU,shipped,589.96,331.94
10246,2026-05-11,EU,shipped,890.39,535.39
10247,2026-05-11,APAC,shipped,516.62,389.15
10248,2026-05-11,EU,shipped,705.96,493.46
10249,2026-05-11,EU,shipped,886.26,607.14
10250,2026-05-11,APAC,shipped,134.54,78.43
10251,2026-05-12,APAC,shipped,244.62,145.2
10252,2026-05-12,EU,shipped,677.88,499.2
10253,2026-05-12,US,shipped,709.09,409.33
10254,2026-05-12,US,cancelled,853.06,636.22
10255,2026-05-12,APAC,shipped,488.45,386.37
10256,2026-05-12,EU,shipped,451.92,326.07
10257,2026-05-13,US,shipped,421.46,265.74
10258,2026-05-13,EU,shipped,148.52,103.42
10259,2026-05-13,US,shipped,367.58,229.27
10260,2026-05-13,US,shipped,409.97,237.21
10261,2026-05-13,US,shipped,794.83,609.14
10262,2026-05-13,US,shipped,803.76,608.33
10263,2026-05-13,EU,shipped,667.47,419.26
10264,2026-05-14,EU,shipped,171.27,97.07
10265,2026-05-14,APAC,shipped,120.18,88.3
10266,2026-05-14,APAC,shipped,518.48,357.96
10267,2026-05-14,EU,shipped,145.12,103.95
10268,2026-05-14,APAC,shipped,786.56,623.03
10269,2026-05-14,US,shipped,342.42,206.54
10270,2026-05-15,EU,shipped,133.07,85.42
10271,2026-05-15,APAC,shipped,533.73,406.32
10272,2026-05-15,MEA,shipped,743.85,528.64
10273,2026-05-15,EU,shipped,839.01,517.55
10274,2026-05-15,EU,shipped,644.32,409.11
10275,2026-05-15,EU,shipped,788.08,512.41
10276,2026-05-15,EU,cancelled,584.53,430.52
10277,2026-05-16,EU,shipped,430.14,270.09
10278,2026-05-16,EU,shipped,849.61,654.91
10279,2026-05-16,EU,cancelled,688.81,392.89
10280,2026-05-16,US,shipped,404.65,264.46
10281,2026-05-16,EU,shipped,480.62,277.66
10282,2026-05-17,US,cancelled,613.73,398.2
10283,2026-05-17,US,shipped,46.61,28.1
10284,2026-05-17,EU,shipped,259.75,143.36
10285,2026-05-17,US,shipped,191.1,138.72
10286,2026-05-17,US,shipped,756.68,429.81
10287,2026-05-17,APAC,cancelled,76.38,59.6
10288,2026-05-17,APAC,shipped,535.15,389.25
10289,2026-05-17,EU,cancelled,139.05,87.77
10290,2026-05-18,US,shipped,633.06,417.3
10291,2026-05-18,EU,shipped,414.68,236.23
10292,2026-05-18,APAC,shipped,681.39,507.49
10293,2026-05-18,EU,shipped,584.57,349.85
10294,2026-05-18,APAC,shipped,341.95,243.25
10295,2026-05-18,EU,shipped,128.41,76.2
10296,2026-05-18,EU,shipped,692.87,545.86
10297,2026-05-18,US,shipped,439.0,305.05
10298,2026-05-19,US,shipped,888.42,704.29
10299,2026-05-19,EU,shipped,418.2,296.02
10300,2026-05-19,APAC,shipped,548.62,311.92
10301,2026-05-19,US,shipped,72.34,44.98
10302,2026-05-19,US,shipped,880.54,615.07
10303,2026-05-19,EU,shipped,539.08,396.08
10304,2026-05-19,EU,shipped,821.78,490.65
10305,2026-05-19,US,shipped,471.18,312.22
10306,2026-05-20,MEA,shipped,112.52,62.99
10307,2026-05-20,US,shipped,892.25,626.76
10308,2026-05-20,EU,shipped,829.43,616.78
10309,2026-05-20,US,shipped,85.03,53.88
10310,2026-05-20,EU,shipped,519.85,318.67
10311,2026-05-20,APAC,shipped,869.39,510.85
10312,2026-05-21,US,shipped,161.63,128.0
10313,2026-05-21,US,shipped,377.08,295.82
10314,2026-05-21,EU,shipped,363.94,274.15
10315,2026-05-21,US,shipped,752.9,543.11
10316,2026-05-22,EU,shipped,616.59,341.93
10317,2026-05-22,EU,shipped,858.01,636.25
10318,2026-05-22,EU,shipped,899.98,561.54
10319,2026-05-22,APAC,shipped,476.61,350.15
10320,2026-05-22,US,shipped,609.26,429.23
10321,2026-05-22,US,shipped,172.66,124.87
10322,2026-05-22,US,shipped,816.28,457.87
10323,2026-05-22,EU,shipped,658.84,462.93
10324,2026-05-23,EU,shipped,245.68,183.3
10325,2026-05-23,APAC,shipped,206.85,143.27
10326,2026-05-23,US,shipped,701.72,474.17
10327,2026-05-23,EU,shipped,179.37,125.77
10328,2026-05-23,APAC,shipped,84.87,54.55
10329,2026-05-23,MEA,shipped,651.8,378.81
10330,2026-05-23,EU,shipped,177.87,120.66
10331,2026-05-24,EU,shipped,823.03,634.69
10332,2026-05-24,MEA,shipped,396.81,255.34
10333,2026-05-24,EU,shipped,110.18,69.38
10334,2026-05-24,EU,shipped,654.65,383.96
10335,2026-05-24,EU,shipped,828.96,628.17
10336,2026-05-24,APAC,shipped,443.43,344.31
10337,2026-05-24,EU,shipped,225.46,177.0
10338,2026-05-25,US,shipped,135.62,84.8
10339,2026-05-25,EU,shipped,401.05,266.41
10340,2026-05-25,EU,shipped,818.43,453.5
10341,2026-05-25,US,shipped,248.07,163.06
10342,2026-05-25,US,shipped,246.89,176.8
10343,2026-05-25,EU,shipped,878.2,598.51
10344,2026-05-25,US,shipped,889.97,576.36
10345,2026-05-25,US,shipped,586.68,359.88
10346,2026-05-26,EU,shipped,98.1,70.07
10347,2026-05-26,EU,shipped,540.44,315.27
10348,2026-05-26,EU,shipped,331.15,250.88
10349,2026-05-26,US,shipped,883.5,526.19
10350,2026-05-27,EU,shipped,707.52,441.04
10351,2026-05-27,EU,cancelled,211.54,165.71
10352,2026-05-27,US,shipped,890.65,546.26
10353,2026-05-27,APAC,shipped,204.35,152.28
10354,2026-05-27,APAC,shipped,325.46,208.95
10355,2026-05-28,US,shipped,809.39,642.2
10356,2026-05-28,US,shipped,467.87,318.07
10357,2026-05-28,APAC,shipped,665.29,466.11
10358,2026-05-28,APAC,shipped,509.11,290.2
10359,2026-05-28,US,shipped,303.59,199.32
10360,2026-05-28,US,cancelled,342.33,262.74
10361,2026-05-28,EU,shipped,898.41,714.24
10362,2026-05-29,EU,shipped,588.26,441.36
10363,2026-05-29,US,shipped,859.4,603.21
10364,2026-05-29,APAC,shipped,69.93,52.07
10365,2026-05-29,EU,shipped,369.25,258.95
10366,2026-05-30,MEA,shipped,359.93,249.6
10367,2026-05-30,US,shipped,382.31,234.13
10368,2026-05-30,EU,shipped,672.68,435.05
10369,2026-05-30,US,shipped,265.13,175.4
10370,2026-05-30,MEA,shipped,285.6,192.15
10371,2026-05-30,EU,shipped,773.43,599.15
10372,2026-05-30,US,shipped,115.5,87.94
10373,2026-05-31,US,shipped,650.2,404.81
10374,2026-05-31,EU,shipped,175.45,127.21
10375,2026-05-31,EU,shipped,350.88,279.4
10376,2026-05-31,APAC,shipped,243.59,155.95
10377,2026-05-31,US,shipped,441.97,257.42
10378,2026-05-31,APAC,shipped,96.54,70.4
10379,2026-06-01,US,shipped,701.48,398.75
10380,2026-06-01,MEA,shipped,592.41,426.55
10381,2026-06-01,EU,shipped,795.05,564.44
10382,2026-06-01,EU,shipped,870.99,677.35
10383,2026-06-01,EU,shipped,146.78,86.77
10384,2026-06-01,EU,shipped,650.03,510.42
10385,2026-06-01,APAC,shipped,767.5,543.98
10386,2026-06-02,EU,shipped,577.52,331.13
10387,2026-06-02,US,shipped,548.96,325.42
10388,2026-06-02,US,shipped,815.72,637.06
10389,2026-06-02,EU,shipped,782.85,616.21
10390,2026-06-02,APAC,shipped,267.6,185.46
10391,2026-06-02,US,shipped,66.05,45.34
10392,2026-06-02,US,shipped,299.8,225.4
10393,2026-06-02,EU,shipped,430.05,253.52
10394,2026-06-03,US,shipped,215.46,135.34
10395,2026-06-03,US,shipped,671.41,532.99
10396,2026-06-03,EU,shipped,358.66,225.88
10397,2026-06-03,US,shipped,270.03,155.05
10398,2026-06-03,EU,shipped,370.37,226.69
10399,2026-06-03,APAC,shipped,177.34,123.15
10400,2026-06-03,EU,shipped,696.28,472.55
10401,2026-06-04,APAC,shipped,467.74,303.24
10402,2026-06-04,US,shipped,247.03,138.87
10403,2026-06-04,EU,shipped,553.87,397.75
10404,2026-06-04,EU,shipped,47.03,27.44
10405,2026-06-04,EU,shipped,354.57,199.02
10406,2026-06-04,EU,shipped,523.16,325.48
10407,2026-06-04,EU,shipped,427.3,323.18
10408,2026-06-05,US,shipped,142.18,92.2
10409,2026-06-05,APAC,shipped,331.61,244.97
10410,2026-06-05,EU,shipped,477.85,268.23
10411,2026-06-05,EU,shipped,326.42,216.82
10412,2026-06-05,US,shipped,483.33,339.91
10413,2026-06-05,EU,shipped,891.93,557.29
10414,2026-06-05,EU,shipped,752.33,547.08
10415,2026-06-05,EU,shipped,741.54,532.76
10416,2026-06-06,US,shipped,725.21,523.61
10417,2026-06-06,EU,shipped,448.15,334.2
10418,2026-06-06,APAC,shipped,536.77,373.53
10419,2026-06-06,EU,shipped,580.96,441.7
10420,2026-06-06,EU,cancelled,625.43,492.25
10421,2026-06-06,EU,shipped,56.29,33.09
10422,2026-06-06,US,shipped,392.92,306.53
10423,2026-06-07,US,shipped,486.07,388.63
10424,2026-06-07,US,shipped,364.07,242.08
10425,2026-06-07,US,shipped,509.79,390.96
10426,2026-06-07,US,shipped,731.14,490.63
10427,2026-06-08,EU,shipped,296.71,236.05
10428,2026-06-08,APAC,shipped,646.21,434.42
10429,2026-06-08,US,shipped,522.02,381.29
10430,2026-06-08,EU,shipped,533.19,412.66
10431,2026-06-08,EU,shipped,336.82,197.59
10432,2026-06-09,EU,shipped,654.16,432.13
10433,2026-06-09,EU,shipped,452.01,309.47
10434,2026-06-09,MEA,shipped,638.71,449.6
10435,2026-06-09,US,shipped,248.51,169.67
10436,2026-06-10,EU,shipped,395.44,227.43
10437,2026-06-10,APAC,shipped,44.46,34.78
10438,2026-06-10,EU,shipped,844.13,565.03
10439,2026-06-10,EU,shipped,868.97,618.25
10440,2026-06-10,APAC,shipped,116.94,79.96
10441,2026-06-11,APAC,shipped,190.56,113.18
10442,2026-06-11,APAC,shipped,897.57,604.82
10443,2026-06-11,MEA,shipped,867.43,667.21
10444,2026-06-11,EU,shipped,528.45,420.51
10445,2026-06-12,US,shipped,591.53,456.85
10446,2026-06-12,EU,shipped,473.62,356.26
10447,2026-06-12,EU,shipped,668.76,487.96
10448,2026-06-12,EU,shipped,329.92,237.08
10449,2026-06-12,EU,shipped,565.42,368.3
10450,2026-06-12,US,shipped,322.02,184.79
10451,2026-06-13,US,cancelled,844.81,545.66
10452,2026-06-13,US,shipped,269.62,187.55
10453,2026-06-13,US,shipped,264.94,161.37
10454,2026-06-13,US,shipped,440.24,317.64
10455,2026-06-13,APAC,shipped,803.51,580.59
10456,2026-06-14,EU,shipped,229.93,153.95
10457,2026-06-14,US,shipped,890.4,645.97
10458,2026-06-14,APAC,shipped,691.32,522.92
10459,2026-06-14,APAC,shipped,625.09,466.84
10460,2026-06-14,US,shipped,494.23,385.16
10461,2026-06-14,EU,shipped,752.75,452.06
10462,2026-06-15,EU,shipped,322.18,186.56
10463,2026-06-15,EU,shipped,541.51,366.92
10464,2026-06-15,APAC,shipped,429.95,285.57
10465,2026-06-15,EU,shipped,437.65,319.84
10466,2026-06-15,EU,shipped,742.15,515.48
10467,2026-06-15,EU,shipped,336.29,268.54
10468,2026-06-15,MEA,shipped,99.36,55.44
10469,2026-06-15,EU,shipped,701.32,557.26
10470,2026-06-16,EU,shipped,806.55,628.53
10471,2026-06-16,EU,shipped,109.01,83.79
10472,2026-06-16,EU,shipped,779.85,622.49
10473,2026-06-16,EU,shipped,149.52,113.44
10474,2026-06-16,APAC,shipped,881.5,643.3
10475,2026-06-16,US,shipped,366.18,243.57
10476,2026-06-16,EU,shipped,202.09,149.82
10477,2026-06-17,APAC,shipped,400.55,308.8
10478,2026-06-17,EU,shipped,217.23,121.3
10479,2026-06-17,US,cancelled,644.83,474.04
10480,2026-06-17,EU,shipped,241.53,185.0
10481,2026-06-18,EU,shipped,894.4,696.83
10482,2026-06-18,US,shipped,536.63,404.94
10483,2026-06-18,EU,shipped,793.58,539.88
10484,2026-06-18,EU,shipped,276.63,193.06
10485,2026-06-19,US,shipped,407.39,323.09
10486,2026-06-19,MEA,shipped,617.35,388.74
10487,2026-06-19,EU,shipped,168.33,124.33
10488,2026-06-19,US,shipped,770.43,560.02
10489,2026-06-19,APAC,shipped,826.68,654.69
10490,2026-06-20,US,shipped,374.04,236.6
10491,2026-06-20,EU,shipped,426.82,291.91
10492,2026-06-20,APAC,shipped,84.32,59.13
10493,2026-06-20,EU,shipped,102.59,71.49
10494,2026-06-20,US,shipped,226.63,176.04
10495,2026-06-20,EU,shipped,821.73,490.99
10496,2026-06-20,US,shipped,682.32,531.26
10497,2026-06-20,US,shipped,645.24,393.49
10498,2026-06-21,APAC,shipped,367.37,235.05
10499,2026-06-21,EU,shipped,481.02,276.42
10500,2026-06-21,MEA,shipped,443.76,345.5
10501,2026-06-21,EU,shipped,395.98,239.69
10502,2026-06-21,EU,shipped,264.27,183.61
10503,2026-06-21,EU,shipped,171.07,110.33
10504,2026-06-22,US,shipped,602.96,370.42
10505,2026-06-22,APAC,shipped,871.2,586.01
10506,2026-06-22,EU,shipped,723.68,528.34
10507,2026-06-22,US,shipped,828.53,588.63
10508,2026-06-22,EU,shipped,69.09,54.33
10509,2026-06-23,APAC,shipped,394.66,239.9
10510,2026-06-23,US,shipped,47.86,30.79
10511,2026-06-23,US,shipped,613.41,411.48
10512,2026-06-23,US,shipped,45.69,25.26
10513,2026-06-24,US,shipped,500.73,338.27
10514,2026-06-24,US,shipped,410.29,244.05
10515,2026-06-24,APAC,shipped,490.97,346.11
10516,2026-06-24,EU,shipped,344.82,196.46
10517,2026-06-24,MEA,shipped,434.74,314.89
10518,2026-06-24,EU,shipped,752.13,600.14
10519,2026-06-24,US,shipped,67.25,43.33
10520,2026-06-24,US,shipped,587.6,335.33
10521,2026-06-25,US,shipped,324.89,257.79
10522,2026-06-25,APAC,shipped,830.47,643.88
10523,2026-06-25,US,shipped,527.43,411.94
10524,2026-06-25,US,shipped,281.12,200.87
10525,2026-06-25,EU,cancelled,771.37,464.2
10526,2026-06-25,EU,shipped,745.79,583.37
10527,2026-06-25,EU,shipped,525.0,400.24
10528,2026-06-26,EU,shipped,689.82,549.87
10529,2026-06-26,US,shipped,470.68,265.19
10530,2026-06-26,US,shipped,761.26,565.05
10531,2026-06-26,MEA,shipped,381.16,212.46
10532,2026-06-26,EU,shipped,893.62,570.98
10533,2026-06-26,MEA,shipped,411.39,294.21
10534,2026-06-26,EU,shipped,572.01,416.58
10535,2026-06-26,EU,shipped,172.63,122.3
10536,2026-06-27,EU,cancelled,131.63,82.54
10537,2026-06-27,EU,shipped,272.0,162.34
10538,2026-06-27,US,shipped,517.08,287.79
10539,2026-06-27,EU,shipped,120.04,75.76
10540,2026-06-27,EU,shipped,290.99,166.21
10541,2026-06-27,APAC,shipped,818.48,567.2
10542,2026-06-27,EU,shipped,367.43,229.75
10543,2026-06-28,EU,shipped,183.8,114.86
10544,2026-06-28,APAC,shipped,350.57,255.99
10545,2026-06-28,US,shipped,570.34,333.01
10546,2026-06-28,EU,shipped,380.3,245.28
10547,2026-06-28,APAC,shipped,418.59,316.41
10548,2026-06-28,US,shipped,551.18,386.27
10549,2026-06-28,US,shipped,451.95,293.57
10550,2026-06-29,EU,shipped,637.66,442.52
10551,2026-06-29,EU,shipped,363.41,235.57
10552,2026-06-29,EU,shipped,524.91,360.3
10553,2026-06-29,US,shipped,513.09,341.41
10554,2026-06-29,US,shipped,417.07,301.63
10555,2026-06-29,APAC,shipped,724.26,488.75
10556,2026-06-30,EU,shipped,606.45,453.18
10557,2026-06-30,EU,shipped,892.0,579.98
10558,2026-06-30,US,shipped,831.54,570.36
10559,2026-06-30,APAC,shipped,349.2,238.93
10560,2026-06-30,US,shipped,113.08,80.78
10561,2026-06-30,EU,cancelled,596.42,474.69
